{
    "data": {
        "data_dir": "./data/nerf_synthetic/lego",
        "half_res": true,
        "white_bkgd": true,
        "n_training_views": 8,
        "testskip": 1
    },
    "model": {
        "netdepth": 6,
        "netwidth": 128,
        "multires": 8,
        "multires_views": 3,
        "use_dropout": true,
        "dropout_rate": 0.2
    },
    "training": {
        "N_samples": 64,
        "N_importance": 64,
        "lr": 5e-4,
        "n_iters": 80000,
        "batch_size": 1024,
        "near": 2.0,
        "far": 6.0
    },
    "physics": {
        "depth_weight": 0.012,
        "reg_weight": 0.04,
        "sparse_weight": 0.015,
        "cv_weight": 0.025,
        "progressive_alpha": [0.008, 0.02, 0.06]
    }
}
